{
  "id": "LUMI",
  "version": 1,
  "conf": {
    "PBR": true,
    "GenerateBump": true,
    "DayAmbientBlue": {
      "default": 0,
      "min": 0,
      "max": 10
    },
    "WavyWaterModel": false,
    "WavyWaterIntensity": {
      "default": 1,
      "min": 1,
      "max": 15
    },
    "TexturelessWater": false,
    "ApplySkyBloom": true,
    "SkyBloomIntensity": {
      "default": 5,
      "min": 1,
      "max": 10
    },
    "LightingMode": [
      "Dramatic",
      "Neutral"
    ],
    "DramaticLighting": {
      "DramaticBloomIntensity": {
        "default": 5,
        "min": 0,
        "max": 10
      }
    },
    "TrueDarkness": {
      "DisableOverworldAmbient": false,
      "DisableMoonlight": false,
      "NetherTrueDarkness": false,
      "TheEndTrueDarkness": false
    },
    "RainWetness": false,
    "Tonemap": [
      "Default",
      "Vibrant",
      "Film"
    ],
    "DebugMode": [
      "Disabled",
      "Normal",
      "ViewDir"
    ]
  }
}
