{
    "variants": {
        "normal": [
            { "model": "dirt" },
			{ "model": "dirt_0" },
			{ "model": "dirt_1" },
			{ "model": "dirt_2" },
			{ "model": "dirt_3" },
            { "model": "dirt", "y": 90 },
			{ "model": "dirt_0", "y": 90 },
			{ "model": "dirt_1", "y": 90 },
			{ "model": "dirt_2", "y": 90 },
			{ "model": "dirt_3", "y": 90 },
            { "model": "dirt", "y": 180 },
			{ "model": "dirt_0", "y": 180 },
			{ "model": "dirt_1", "y": 180 },
			{ "model": "dirt_2", "y": 180 },
			{ "model": "dirt_3", "y": 180 },
            { "model": "dirt", "y": 270 },
			{ "model": "dirt_0", "y": 270 },
			{ "model": "dirt_1", "y": 270 },
			{ "model": "dirt_2", "y": 270 },
			{ "model": "dirt_3", "y": 270 }
        ]
    }
}
