{
    "variants": {
        "normal": [
		{ "model": "gold_ore" },
		{ "model": "gold_ore_0" },
		{ "model": "gold_ore_1" },
		{ "model": "gold_ore_2" },
		{ "model": "gold_ore_3" },
		{ "model": "gold_ore_4" },
		{ "model": "gold_ore_5" },
		{ "model": "gold_ore_6" },
		{ "model": "gold_ore_7" },
		{ "model": "gold_ore_8" },
		{ "model": "gold_ore_9" },
		{ "model": "gold_ore_10" },
		{ "model": "gold_ore_11" },
		{ "model": "gold_ore_12" },
		{ "model": "gold_ore_13" },
		{ "model": "gold_ore_14" },
		{ "model": "gold_ore_15" },
		{ "model": "gold_ore_16" },
		{ "model": "gold_ore_17" },
		{ "model": "gold_ore_18" },
		{ "model": "gold_ore", "y": 180 },
		{ "model": "gold_ore_0", "y": 180 },
		{ "model": "gold_ore_1", "y": 180 },
		{ "model": "gold_ore_2", "y": 180 },
		{ "model": "gold_ore_3", "y": 180 },
		{ "model": "gold_ore_4", "y": 180 },
		{ "model": "gold_ore_5", "y": 180 },
		{ "model": "gold_ore_6", "y": 180 },
		{ "model": "gold_ore_7", "y": 180 },
		{ "model": "gold_ore_8", "y": 180 },
		{ "model": "gold_ore_9", "y": 180 },
		{ "model": "gold_ore_10", "y": 180 },
		{ "model": "gold_ore_11", "y": 180 },
		{ "model": "gold_ore_12", "y": 180 },
		{ "model": "gold_ore_13", "y": 180 },
		{ "model": "gold_ore_14", "y": 180 },
		{ "model": "gold_ore_15", "y": 180 },
		{ "model": "gold_ore_16", "y": 180 },
		{ "model": "gold_ore_17", "y": 180 },
		{ "model": "gold_ore_18", "y": 180 },
		{ "model": "gold_ore_mirrored" },
		{ "model": "gold_ore_mirrored_0" },
		{ "model": "gold_ore_mirrored_1" },
		{ "model": "gold_ore_mirrored_2" },
		{ "model": "gold_ore_mirrored_3" },
		{ "model": "gold_ore_mirrored_4" },
		{ "model": "gold_ore_mirrored_5" },
		{ "model": "gold_ore_mirrored_6" },
		{ "model": "gold_ore_mirrored_7" },
		{ "model": "gold_ore_mirrored_8" },
		{ "model": "gold_ore_mirrored_9" },
		{ "model": "gold_ore_mirrored_10" },
		{ "model": "gold_ore_mirrored_11" },
		{ "model": "gold_ore_mirrored_12" },
		{ "model": "gold_ore_mirrored_13" },
		{ "model": "gold_ore_mirrored_14" },
		{ "model": "gold_ore_mirrored_15" },
		{ "model": "gold_ore_mirrored_16" },
		{ "model": "gold_ore_mirrored_17" },
		{ "model": "gold_ore_mirrored_18" },
		{ "model": "gold_ore_mirrored", "y": 180 },
		{ "model": "gold_ore_mirrored_0", "y": 180 },
		{ "model": "gold_ore_mirrored_1", "y": 180 },
		{ "model": "gold_ore_mirrored_2", "y": 180 },
		{ "model": "gold_ore_mirrored_3", "y": 180 },
		{ "model": "gold_ore_mirrored_4", "y": 180 },
		{ "model": "gold_ore_mirrored_5", "y": 180 },
		{ "model": "gold_ore_mirrored_6", "y": 180 },
		{ "model": "gold_ore_mirrored_7", "y": 180 },
		{ "model": "gold_ore_mirrored_8", "y": 180 },
		{ "model": "gold_ore_mirrored_9", "y": 180 },
		{ "model": "gold_ore_mirrored_10", "y": 180 },
		{ "model": "gold_ore_mirrored_11", "y": 180 },
		{ "model": "gold_ore_mirrored_12", "y": 180 },
		{ "model": "gold_ore_mirrored_13", "y": 180 },
		{ "model": "gold_ore_mirrored_14", "y": 180 },
		{ "model": "gold_ore_mirrored_15", "y": 180 },
		{ "model": "gold_ore_mirrored_16", "y": 180 },
		{ "model": "gold_ore_mirrored_17", "y": 180 },
		{ "model": "gold_ore_mirrored_18", "y": 180 } ]
    }
}