{
    "variants": {
        "normal": [
		{ "model": "pink_tulip", "weight":4 },
		{ "model": "pink_tulip_0", "weight":4 },
		{ "model": "pink_tulip_1", "weight":4 },
		{ "model": "pink_tulip_2", "weight":4 },
		{ "model": "pink_tulip_3", "weight":4 },
		{ "model": "pink_tulip_4", "weight":4 },
		{ "model": "pink_tulip_5", "weight":4 },
		{ "model": "pink_tulip_6" },
		{ "model": "pink_tulip_7" },
		{ "model": "pink_tulip_8" },
		{ "model": "pink_tulip_9" },
		{ "model": "pink_tulip_10" },
		{ "model": "pink_tulip_11" },
		{ "model": "pink_tulip_12" },
		{ "model": "pink_tulip_13" },
		{ "model": "pink_tulip_14" },
		{ "model": "pink_tulip_15" },
		{ "model": "pink_tulip_16" },
		{ "model": "pink_tulip_17" } ]
		
    }
}
