{
  "variants": {
    "": [
      {
        "model": "block/dandelion/block/0"
      },
	  {
        "model": "block/dandelion/block/0"
      },
	  {
        "model": "block/dandelion/block/0"
      },
      {
        "model": "block/dandelion/block/1"
      },
	  {
        "model": "block/dandelion/block/1"
      },
      {
        "model": "block/dandelion/block/1"
      },
	  {
        "model": "block/dandelion/block/2"
      },
	  {
        "model": "block/dandelion/block/3"
      },
      {
        "model": "block/dandelion/block/4"
      }
    ]
  }
}