{
  "variants": {
    "": [
      {
        "model": "block/lily_of_the_valley/block/0"
      },
	  {
        "model": "block/lily_of_the_valley/block/1"
      },
	  {
        "model": "block/lily_of_the_valley/block/2"
      },
	  {
        "model": "block/lily_of_the_valley/block/3"
      },
	  {
        "model": "block/lily_of_the_valley/block/4"
      },
      {
        "model": "block/lily_of_the_valley/block/5"
      },
      {
        "model": "block/lily_of_the_valley/block/0"
      }
    ]
  }
}